Site,Species,ReadingDateTime,Value,Units,Provisional or Ratified
BT8,NO,01/01/2018 00:00,6.60000,ppb,R
BT8,NO,02/01/2018 00:00,19.60000,ppb,R
BT8,NO,03/01/2018 00:00,3.80000,ppb,R
BT8,NO,04/01/2018 00:00,12.50000,ppb,R
BT8,NO,05/01/2018 00:00,36.10000,ppb,R
BT8,NO,06/01/2018 00:00,19.60000,ppb,R
BT8,NO,07/01/2018 00:00,5.70000,ppb,R
BT8,NO,08/01/2018 00:00,11.50000,ppb,R
BT8,NO,09/01/2018 00:00,48.20000,ppb,R
BT8,NO,10/01/2018 00:00,61.00000,ppb,R
BT8,NO,11/01/2018 00:00,102.70000,ppb,R
BT8,NO,12/01/2018 00:00,32.20000,ppb,R
BT8,NO,13/01/2018 00:00,10.10000,ppb,R
BT8,NO,14/01/2018 00:00,15.40000,ppb,R
BT8,NO,15/01/2018 00:00,10.00000,ppb,R
BT8,NO,16/01/2018 00:00,6.90000,ppb,R
BT8,NO,17/01/2018 00:00,8.90000,ppb,R
BT8,NO,18/01/2018 00:00,8.80000,ppb,R
BT8,NO,19/01/2018 00:00,25.10000,ppb,R
BT8,NO,20/01/2018 00:00,20.30000,ppb,R
BT8,NO,21/01/2018 00:00,23.60000,ppb,R
BT8,NO,22/01/2018 00:00,29.40000,ppb,R
BT8,NO,23/01/2018 00:00,12.70000,ppb,R
BT8,NO,24/01/2018 00:00,10.20000,ppb,R
BT8,NO,25/01/2018 00:00,20.70000,ppb,R
BT8,NO,26/01/2018 00:00,93.90000,ppb,R
BT8,NO,27/01/2018 00:00,25.10000,ppb,R
BT8,NO,28/01/2018 00:00,5.60000,ppb,R
BT8,NO,29/01/2018 00:00,33.40000,ppb,R
BT8,NO,30/01/2018 00:00,93.90000,ppb,R
BT8,NO,31/01/2018 00:00,10.90000,ppb,R
BT8,NO,01/02/2018 00:00,38.40000,ppb,R
BT8,NO,02/02/2018 00:00,68.90000,ppb,R
BT8,NO,03/02/2018 00:00,35.10000,ppb,R
BT8,NO,04/02/2018 00:00,15.90000,ppb,R
BT8,NO,05/02/2018 00:00,18.40000,ppb,R
BT8,NO,06/02/2018 00:00,70.90000,ppb,R
BT8,NO,07/02/2018 00:00,117.00000,ppb,R
BT8,NO,08/02/2018 00:00,59.10000,ppb,R
BT8,NO,09/02/2018 00:00,36.80000,ppb,R
BT8,NO,10/02/2018 00:00,30.80000,ppb,R
BT8,NO,11/02/2018 00:00,9.10000,ppb,R
BT8,NO,12/02/2018 00:00,25.80000,ppb,R
BT8,NO,13/02/2018 00:00,25.50000,ppb,R
BT8,NO,14/02/2018 00:00,36.10000,ppb,R
BT8,NO,15/02/2018 00:00,21.50000,ppb,R
BT8,NO,16/02/2018 00:00,56.60000,ppb,R
BT8,NO,17/02/2018 00:00,40.50000,ppb,R
BT8,NO,18/02/2018 00:00,26.30000,ppb,R
BT8,NO,19/02/2018 00:00,54.30000,ppb,R
BT8,NO,20/02/2018 00:00,45.70000,ppb,R
BT8,NO,21/02/2018 00:00,26.70000,ppb,R
BT8,NO,22/02/2018 00:00,,ppb,R
BT8,NO,23/02/2018 00:00,8.20000,ppb,R
BT8,NO,24/02/2018 00:00,3.50000,ppb,R
BT8,NO,25/02/2018 00:00,2.50000,ppb,R
BT8,NO,26/02/2018 00:00,9.80000,ppb,R
BT8,NO,27/02/2018 00:00,23.70000,ppb,R
BT8,NO,28/02/2018 00:00,12.60000,ppb,R
BT8,NO,01/03/2018 00:00,4.40000,ppb,R
BT8,NO,02/03/2018 00:00,5.70000,ppb,R
BT8,NO,03/03/2018 00:00,6.60000,ppb,R
BT8,NO,04/03/2018 00:00,16.60000,ppb,R
BT8,NO,05/03/2018 00:00,12.00000,ppb,R
BT8,NO,06/03/2018 00:00,29.70000,ppb,R
BT8,NO,07/03/2018 00:00,41.70000,ppb,R
BT8,NO,08/03/2018 00:00,8.60000,ppb,R
BT8,NO,09/03/2018 00:00,23.20000,ppb,R
BT8,NO,10/03/2018 00:00,15.40000,ppb,R
BT8,NO,11/03/2018 00:00,11.90000,ppb,R
BT8,NO,12/03/2018 00:00,35.10000,ppb,R
BT8,NO,13/03/2018 00:00,28.70000,ppb,R
BT8,NO,14/03/2018 00:00,9.10000,ppb,R
BT8,NO,15/03/2018 00:00,13.70000,ppb,R
BT8,NO,16/03/2018 00:00,12.60000,ppb,R
BT8,NO,17/03/2018 00:00,5.30000,ppb,R
BT8,NO,18/03/2018 00:00,4.20000,ppb,R
BT8,NO,19/03/2018 00:00,10.40000,ppb,R
BT8,NO,20/03/2018 00:00,33.40000,ppb,R
BT8,NO,21/03/2018 00:00,36.00000,ppb,R
BT8,NO,22/03/2018 00:00,8.80000,ppb,R
BT8,NO,23/03/2018 00:00,11.00000,ppb,R
BT8,NO,24/03/2018 00:00,12.50000,ppb,R
BT8,NO,25/03/2018 00:00,27.40000,ppb,R
BT8,NO,26/03/2018 00:00,32.30000,ppb,R
BT8,NO,27/03/2018 00:00,16.60000,ppb,R
BT8,NO,28/03/2018 00:00,30.70000,ppb,R
BT8,NO,29/03/2018 00:00,25.00000,ppb,R
BT8,NO,30/03/2018 00:00,7.20000,ppb,R
BT8,NO,31/03/2018 00:00,26.60000,ppb,R
BT8,NO,01/04/2018 00:00,18.90000,ppb,R
BT8,NO,02/04/2018 00:00,10.70000,ppb,R
BT8,NO,03/04/2018 00:00,8.80000,ppb,R
BT8,NO,04/04/2018 00:00,8.50000,ppb,R
BT8,NO,05/04/2018 00:00,19.10000,ppb,R
BT8,NO,06/04/2018 00:00,11.10000,ppb,R
BT8,NO,07/04/2018 00:00,12.90000,ppb,R
BT8,NO,08/04/2018 00:00,14.90000,ppb,R
BT8,NO,09/04/2018 00:00,9.40000,ppb,R
BT8,NO,10/04/2018 00:00,7.70000,ppb,R
BT8,NO,11/04/2018 00:00,17.40000,ppb,R
BT8,NO,12/04/2018 00:00,31.10000,ppb,R
BT8,NO,13/04/2018 00:00,23.90000,ppb,R
BT8,NO,14/04/2018 00:00,13.70000,ppb,R
BT8,NO,15/04/2018 00:00,7.30000,ppb,R
BT8,NO,16/04/2018 00:00,10.00000,ppb,R
BT8,NO,17/04/2018 00:00,9.60000,ppb,R
BT8,NO,18/04/2018 00:00,11.50000,ppb,R
BT8,NO,19/04/2018 00:00,20.70000,ppb,R
BT8,NO,20/04/2018 00:00,29.60000,ppb,R
BT8,NO,21/04/2018 00:00,6.40000,ppb,R
BT8,NO,22/04/2018 00:00,4.70000,ppb,R
BT8,NO,23/04/2018 00:00,8.20000,ppb,R
BT8,NO,24/04/2018 00:00,8.30000,ppb,R
BT8,NO,25/04/2018 00:00,6.40000,ppb,R
BT8,NO,26/04/2018 00:00,9.30000,ppb,R
BT8,NO,27/04/2018 00:00,10.90000,ppb,R
BT8,NO,28/04/2018 00:00,37.40000,ppb,R
BT8,NO,29/04/2018 00:00,12.80000,ppb,R
BT8,NO,30/04/2018 00:00,47.20000,ppb,R
BT8,NO,01/05/2018 00:00,,ppb,R
BT8,NO,02/05/2018 00:00,,ppb,R
BT8,NO,03/05/2018 00:00,,ppb,R
BT8,NO,04/05/2018 00:00,,ppb,R
BT8,NO,05/05/2018 00:00,,ppb,R
BT8,NO,06/05/2018 00:00,,ppb,R
BT8,NO,07/05/2018 00:00,,ppb,R
BT8,NO,08/05/2018 00:00,,ppb,R
BT8,NO,09/05/2018 00:00,,ppb,R
BT8,NO,10/05/2018 00:00,,ppb,R
BT8,NO,11/05/2018 00:00,14.50000,ppb,R
BT8,NO,12/05/2018 00:00,15.80000,ppb,R
BT8,NO,13/05/2018 00:00,27.20000,ppb,R
BT8,NO,14/05/2018 00:00,38.80000,ppb,R
BT8,NO,15/05/2018 00:00,38.90000,ppb,R
BT8,NO,16/05/2018 00:00,27.50000,ppb,R
BT8,NO,17/05/2018 00:00,20.40000,ppb,R
BT8,NO,18/05/2018 00:00,26.30000,ppb,R
BT8,NO,19/05/2018 00:00,17.00000,ppb,R
BT8,NO,20/05/2018 00:00,12.20000,ppb,R
BT8,NO,21/05/2018 00:00,16.90000,ppb,R
BT8,NO,22/05/2018 00:00,27.90000,ppb,R
BT8,NO,23/05/2018 00:00,26.20000,ppb,R
BT8,NO,24/05/2018 00:00,24.80000,ppb,R
BT8,NO,25/05/2018 00:00,25.50000,ppb,R
BT8,NO,26/05/2018 00:00,5.70000,ppb,R
BT8,NO,27/05/2018 00:00,8.70000,ppb,R
BT8,NO,28/05/2018 00:00,15.90000,ppb,R
BT8,NO,29/05/2018 00:00,25.80000,ppb,R
BT8,NO,30/05/2018 00:00,17.80000,ppb,R
BT8,NO,31/05/2018 00:00,7.50000,ppb,R
BT8,NO,01/06/2018 00:00,17.00000,ppb,R
BT8,NO,02/06/2018 00:00,12.50000,ppb,R
BT8,NO,03/06/2018 00:00,12.70000,ppb,R
BT8,NO,04/06/2018 00:00,15.60000,ppb,R
BT8,NO,05/06/2018 00:00,14.30000,ppb,R
BT8,NO,06/06/2018 00:00,16.00000,ppb,R
BT8,NO,07/06/2018 00:00,13.10000,ppb,R
BT8,NO,08/06/2018 00:00,15.30000,ppb,R
BT8,NO,09/06/2018 00:00,11.70000,ppb,R
BT8,NO,10/06/2018 00:00,5.30000,ppb,R
BT8,NO,11/06/2018 00:00,7.40000,ppb,R
BT8,NO,12/06/2018 00:00,17.70000,ppb,R
BT8,NO,13/06/2018 00:00,18.60000,ppb,R
BT8,NO,14/06/2018 00:00,18.40000,ppb,R
BT8,NO,15/06/2018 00:00,28.70000,ppb,R
BT8,NO,16/06/2018 00:00,11.80000,ppb,R
BT8,NO,17/06/2018 00:00,7.70000,ppb,R
BT8,NO,18/06/2018 00:00,9.10000,ppb,R
BT8,NO,19/06/2018 00:00,13.40000,ppb,R
BT8,NO,20/06/2018 00:00,17.90000,ppb,R
BT8,NO,21/06/2018 00:00,44.50000,ppb,R
BT8,NO,22/06/2018 00:00,34.30000,ppb,R
BT8,NO,23/06/2018 00:00,30.10000,ppb,R
BT8,NO,24/06/2018 00:00,15.10000,ppb,R
BT8,NO,25/06/2018 00:00,23.60000,ppb,R
BT8,NO,26/06/2018 00:00,11.90000,ppb,R
BT8,NO,27/06/2018 00:00,6.40000,ppb,R
BT8,NO,28/06/2018 00:00,11.20000,ppb,R
BT8,NO,29/06/2018 00:00,16.20000,ppb,R
BT8,NO,30/06/2018 00:00,5.50000,ppb,R
BT8,NO,01/07/2018 00:00,4.70000,ppb,R
BT8,NO,02/07/2018 00:00,6.40000,ppb,R
BT8,NO,03/07/2018 00:00,4.60000,ppb,R
BT8,NO,04/07/2018 00:00,9.10000,ppb,R
BT8,NO,05/07/2018 00:00,18.60000,ppb,R
BT8,NO,06/07/2018 00:00,22.60000,ppb,R
BT8,NO,07/07/2018 00:00,10.80000,ppb,R
BT8,NO,08/07/2018 00:00,10.30000,ppb,R
BT8,NO,09/07/2018 00:00,18.20000,ppb,R
BT8,NO,10/07/2018 00:00,16.50000,ppb,R
BT8,NO,11/07/2018 00:00,18.50000,ppb,R
BT8,NO,12/07/2018 00:00,14.00000,ppb,R
BT8,NO,13/07/2018 00:00,11.30000,ppb,R
BT8,NO,14/07/2018 00:00,9.10000,ppb,R
BT8,NO,15/07/2018 00:00,10.60000,ppb,R
BT8,NO,16/07/2018 00:00,15.60000,ppb,R
BT8,NO,17/07/2018 00:00,9.20000,ppb,R
BT8,NO,18/07/2018 00:00,15.90000,ppb,R
BT8,NO,19/07/2018 00:00,12.30000,ppb,R
BT8,NO,20/07/2018 00:00,10.50000,ppb,R
BT8,NO,21/07/2018 00:00,8.80000,ppb,R
BT8,NO,22/07/2018 00:00,10.80000,ppb,R
BT8,NO,23/07/2018 00:00,11.60000,ppb,R
BT8,NO,24/07/2018 00:00,9.70000,ppb,R
BT8,NO,25/07/2018 00:00,11.50000,ppb,R
BT8,NO,26/07/2018 00:00,7.90000,ppb,R
BT8,NO,27/07/2018 00:00,9.90000,ppb,R
BT8,NO,28/07/2018 00:00,5.00000,ppb,R
BT8,NO,29/07/2018 00:00,6.20000,ppb,R
BT8,NO,30/07/2018 00:00,14.00000,ppb,R
BT8,NO,31/07/2018 00:00,11.60000,ppb,R
BT8,NO,01/08/2018 00:00,13.60000,ppb,R
BT8,NO,02/08/2018 00:00,12.30000,ppb,R
BT8,NO,03/08/2018 00:00,15.50000,ppb,R
BT8,NO,04/08/2018 00:00,12.10000,ppb,R
BT8,NO,05/08/2018 00:00,4.30000,ppb,R
BT8,NO,06/08/2018 00:00,11.30000,ppb,R
BT8,NO,07/08/2018 00:00,,ppb,R
BT8,NO,08/08/2018 00:00,,ppb,R
BT8,NO,09/08/2018 00:00,20.20000,ppb,R
BT8,NO,10/08/2018 00:00,24.20000,ppb,R
BT8,NO,11/08/2018 00:00,20.70000,ppb,R
BT8,NO,12/08/2018 00:00,5.10000,ppb,R
BT8,NO,13/08/2018 00:00,9.00000,ppb,R
BT8,NO,14/08/2018 00:00,9.80000,ppb,R
BT8,NO,15/08/2018 00:00,9.30000,ppb,R
BT8,NO,16/08/2018 00:00,11.30000,ppb,R
BT8,NO,17/08/2018 00:00,16.10000,ppb,R
BT8,NO,18/08/2018 00:00,7.70000,ppb,R
BT8,NO,19/08/2018 00:00,4.30000,ppb,R
BT8,NO,20/08/2018 00:00,7.40000,ppb,R
BT8,NO,21/08/2018 00:00,9.10000,ppb,R
BT8,NO,22/08/2018 00:00,16.90000,ppb,R
BT8,NO,23/08/2018 00:00,13.70000,ppb,R
BT8,NO,24/08/2018 00:00,11.40000,ppb,R
BT8,NO,25/08/2018 00:00,34.80000,ppb,R
BT8,NO,26/08/2018 00:00,19.30000,ppb,R
BT8,NO,27/08/2018 00:00,7.70000,ppb,R
BT8,NO,28/08/2018 00:00,20.50000,ppb,R
BT8,NO,29/08/2018 00:00,45.70000,ppb,R
BT8,NO,30/08/2018 00:00,30.60000,ppb,R
BT8,NO,31/08/2018 00:00,17.10000,ppb,R
BT8,NO,01/09/2018 00:00,16.50000,ppb,R
BT8,NO,02/09/2018 00:00,9.60000,ppb,R
BT8,NO,03/09/2018 00:00,23.50000,ppb,R
BT8,NO,04/09/2018 00:00,31.30000,ppb,R
BT8,NO,05/09/2018 00:00,34.50000,ppb,R
BT8,NO,06/09/2018 00:00,33.90000,ppb,R
BT8,NO,07/09/2018 00:00,16.90000,ppb,R
BT8,NO,08/09/2018 00:00,24.20000,ppb,R
BT8,NO,09/09/2018 00:00,7.40000,ppb,R
BT8,NO,10/09/2018 00:00,17.60000,ppb,R
BT8,NO,11/09/2018 00:00,15.30000,ppb,R
BT8,NO,12/09/2018 00:00,50.10000,ppb,R
BT8,NO,13/09/2018 00:00,84.20000,ppb,R
BT8,NO,14/09/2018 00:00,30.00000,ppb,R
BT8,NO,15/09/2018 00:00,28.60000,ppb,R
BT8,NO,16/09/2018 00:00,10.20000,ppb,R
BT8,NO,17/09/2018 00:00,15.90000,ppb,R
BT8,NO,18/09/2018 00:00,10.00000,ppb,R
BT8,NO,19/09/2018 00:00,10.50000,ppb,R
BT8,NO,20/09/2018 00:00,8.90000,ppb,R
BT8,NO,21/09/2018 00:00,6.40000,ppb,R
BT8,NO,22/09/2018 00:00,,ppb,R
BT8,NO,23/09/2018 00:00,,ppb,R
BT8,NO,24/09/2018 00:00,66.40000,ppb,R
BT8,NO,25/09/2018 00:00,104.80000,ppb,R
BT8,NO,26/09/2018 00:00,47.00000,ppb,R
BT8,NO,27/09/2018 00:00,49.20000,ppb,R
BT8,NO,28/09/2018 00:00,25.50000,ppb,R
BT8,NO,29/09/2018 00:00,50.40000,ppb,R
BT8,NO,30/09/2018 00:00,51.10000,ppb,R
BT8,NO,01/10/2018 00:00,47.80000,ppb,R
BT8,NO,02/10/2018 00:00,17.20000,ppb,R
BT8,NO,03/10/2018 00:00,52.30000,ppb,R
BT8,NO,04/10/2018 00:00,29.70000,ppb,R
BT8,NO,05/10/2018 00:00,32.90000,ppb,R
BT8,NO,06/10/2018 00:00,47.10000,ppb,R
BT8,NO,07/10/2018 00:00,41.50000,ppb,R
BT8,NO,08/10/2018 00:00,31.40000,ppb,R
BT8,NO,09/10/2018 00:00,37.30000,ppb,R
BT8,NO,10/10/2018 00:00,26.40000,ppb,R
BT8,NO,11/10/2018 00:00,16.70000,ppb,R
BT8,NO,12/10/2018 00:00,13.50000,ppb,R
BT8,NO,13/10/2018 00:00,11.80000,ppb,R
BT8,NO,14/10/2018 00:00,25.20000,ppb,R
BT8,NO,15/10/2018 00:00,24.80000,ppb,R
BT8,NO,16/10/2018 00:00,23.20000,ppb,R
BT8,NO,17/10/2018 00:00,31.60000,ppb,R
BT8,NO,18/10/2018 00:00,26.70000,ppb,R
BT8,NO,19/10/2018 00:00,81.10000,ppb,R
BT8,NO,20/10/2018 00:00,110.00000,ppb,R
BT8,NO,21/10/2018 00:00,54.30000,ppb,R
BT8,NO,22/10/2018 00:00,65.20000,ppb,R
BT8,NO,23/10/2018 00:00,33.30000,ppb,R
BT8,NO,24/10/2018 00:00,35.40000,ppb,R
BT8,NO,25/10/2018 00:00,38.70000,ppb,R
BT8,NO,26/10/2018 00:00,36.40000,ppb,R
BT8,NO,27/10/2018 00:00,56.40000,ppb,R
BT8,NO,28/10/2018 00:00,27.40000,ppb,R
BT8,NO,29/10/2018 00:00,55.80000,ppb,R
BT8,NO,30/10/2018 00:00,44.70000,ppb,R
BT8,NO,31/10/2018 00:00,53.30000,ppb,R
BT8,NO,01/11/2018 00:00,55.80000,ppb,R
BT8,NO,02/11/2018 00:00,96.80000,ppb,R
BT8,NO,03/11/2018 00:00,24.80000,ppb,R
BT8,NO,04/11/2018 00:00,16.00000,ppb,R
BT8,NO,05/11/2018 00:00,59.50000,ppb,R
BT8,NO,06/11/2018 00:00,42.90000,ppb,R
BT8,NO,07/11/2018 00:00,17.10000,ppb,R
BT8,NO,08/11/2018 00:00,19.30000,ppb,R
BT8,NO,09/11/2018 00:00,17.50000,ppb,R
BT8,NO,10/11/2018 00:00,22.00000,ppb,R
BT8,NO,11/11/2018 00:00,13.70000,ppb,R
BT8,NO,12/11/2018 00:00,23.10000,ppb,R
BT8,NO,13/11/2018 00:00,24.00000,ppb,R
BT8,NO,14/11/2018 00:00,29.90000,ppb,R
BT8,NO,15/11/2018 00:00,31.90000,ppb,R
BT8,NO,16/11/2018 00:00,29.00000,ppb,R
BT8,NO,17/11/2018 00:00,22.40000,ppb,R
BT8,NO,18/11/2018 00:00,14.90000,ppb,R
BT8,NO,19/11/2018 00:00,19.30000,ppb,R
BT8,NO,20/11/2018 00:00,21.90000,ppb,R
BT8,NO,21/11/2018 00:00,35.50000,ppb,R
BT8,NO,22/11/2018 00:00,73.70000,ppb,R
BT8,NO,23/11/2018 00:00,44.40000,ppb,R
BT8,NO,24/11/2018 00:00,23.60000,ppb,R
BT8,NO,25/11/2018 00:00,17.50000,ppb,R
BT8,NO,26/11/2018 00:00,71.00000,ppb,R
BT8,NO,27/11/2018 00:00,38.80000,ppb,R
BT8,NO,28/11/2018 00:00,16.30000,ppb,R
BT8,NO,29/11/2018 00:00,11.40000,ppb,R
BT8,NO,30/11/2018 00:00,21.30000,ppb,R
BT8,NO,01/12/2018 00:00,16.60000,ppb,R
BT8,NO,02/12/2018 00:00,11.90000,ppb,R
BT8,NO,03/12/2018 00:00,23.40000,ppb,R
BT8,NO,04/12/2018 00:00,77.80000,ppb,R
BT8,NO,05/12/2018 00:00,28.20000,ppb,R
BT8,NO,06/12/2018 00:00,20.80000,ppb,R
BT8,NO,07/12/2018 00:00,10.20000,ppb,R
BT8,NO,08/12/2018 00:00,5.80000,ppb,R
BT8,NO,09/12/2018 00:00,22.30000,ppb,R
BT8,NO,10/12/2018 00:00,36.10000,ppb,R
BT8,NO,11/12/2018 00:00,92.20000,ppb,R
BT8,NO,12/12/2018 00:00,14.50000,ppb,R
BT8,NO,13/12/2018 00:00,29.10000,ppb,R
BT8,NO,14/12/2018 00:00,52.50000,ppb,R
BT8,NO,15/12/2018 00:00,18.20000,ppb,R
BT8,NO,16/12/2018 00:00,34.30000,ppb,R
BT8,NO,17/12/2018 00:00,31.60000,ppb,R
BT8,NO,18/12/2018 00:00,13.00000,ppb,R
BT8,NO,19/12/2018 00:00,15.90000,ppb,R
BT8,NO,20/12/2018 00:00,14.90000,ppb,R
BT8,NO,21/12/2018 00:00,7.70000,ppb,R
BT8,NO,22/12/2018 00:00,15.00000,ppb,R
BT8,NO,23/12/2018 00:00,15.70000,ppb,R
BT8,NO,24/12/2018 00:00,44.30000,ppb,R
BT8,NO,25/12/2018 00:00,56.40000,ppb,R
BT8,NO,26/12/2018 00:00,17.50000,ppb,R
BT8,NO,27/12/2018 00:00,143.39999,ppb,R
BT8,NO,28/12/2018 00:00,82.70000,ppb,R
BT8,NO,29/12/2018 00:00,28.40000,ppb,R
BT8,NO,30/12/2018 00:00,21.00000,ppb,R
BT8,NO,31/12/2018 00:00,15.80000,ppb,R
BT4,NO,01/01/2018 00:00,,ppb,R
BT4,NO,02/01/2018 00:00,,ppb,R
BT4,NO,03/01/2018 00:00,,ppb,R
BT4,NO,04/01/2018 00:00,,ppb,R
BT4,NO,05/01/2018 00:00,,ppb,R
BT4,NO,06/01/2018 00:00,,ppb,R
BT4,NO,07/01/2018 00:00,,ppb,R
BT4,NO,08/01/2018 00:00,,ppb,R
BT4,NO,09/01/2018 00:00,,ppb,R
BT4,NO,10/01/2018 00:00,,ppb,R
BT4,NO,11/01/2018 00:00,,ppb,R
BT4,NO,12/01/2018 00:00,,ppb,R
BT4,NO,13/01/2018 00:00,,ppb,R
BT4,NO,14/01/2018 00:00,,ppb,R
BT4,NO,15/01/2018 00:00,,ppb,R
BT4,NO,16/01/2018 00:00,,ppb,R
BT4,NO,17/01/2018 00:00,,ppb,R
BT4,NO,18/01/2018 00:00,,ppb,R
BT4,NO,19/01/2018 00:00,,ppb,R
BT4,NO,20/01/2018 00:00,,ppb,R
BT4,NO,21/01/2018 00:00,,ppb,R
BT4,NO,22/01/2018 00:00,,ppb,R
BT4,NO,23/01/2018 00:00,,ppb,R
BT4,NO,24/01/2018 00:00,,ppb,R
BT4,NO,25/01/2018 00:00,,ppb,R
BT4,NO,26/01/2018 00:00,,ppb,R
BT4,NO,27/01/2018 00:00,,ppb,R
BT4,NO,28/01/2018 00:00,,ppb,R
BT4,NO,29/01/2018 00:00,,ppb,R
BT4,NO,30/01/2018 00:00,,ppb,R
BT4,NO,31/01/2018 00:00,,ppb,R
BT4,NO,01/02/2018 00:00,,ppb,R
BT4,NO,02/02/2018 00:00,,ppb,R
BT4,NO,03/02/2018 00:00,,ppb,R
BT4,NO,04/02/2018 00:00,,ppb,R
BT4,NO,05/02/2018 00:00,,ppb,R
BT4,NO,06/02/2018 00:00,70.00000,ppb,R
BT4,NO,07/02/2018 00:00,79.30000,ppb,R
BT4,NO,08/02/2018 00:00,155.30000,ppb,R
BT4,NO,09/02/2018 00:00,31.00000,ppb,R
BT4,NO,10/02/2018 00:00,73.00000,ppb,R
BT4,NO,11/02/2018 00:00,20.50000,ppb,R
BT4,NO,12/02/2018 00:00,109.80000,ppb,R
BT4,NO,13/02/2018 00:00,54.90000,ppb,R
BT4,NO,14/02/2018 00:00,97.60000,ppb,R
BT4,NO,15/02/2018 00:00,73.20000,ppb,R
BT4,NO,16/02/2018 00:00,175.70000,ppb,R
BT4,NO,17/02/2018 00:00,143.80000,ppb,R
BT4,NO,18/02/2018 00:00,88.50000,ppb,R
BT4,NO,19/02/2018 00:00,80.20000,ppb,R
BT4,NO,20/02/2018 00:00,29.90000,ppb,R
BT4,NO,21/02/2018 00:00,84.20000,ppb,R
BT4,NO,22/02/2018 00:00,94.20000,ppb,R
BT4,NO,23/02/2018 00:00,97.90000,ppb,R
BT4,NO,24/02/2018 00:00,76.50000,ppb,R
BT4,NO,25/02/2018 00:00,47.80000,ppb,R
BT4,NO,26/02/2018 00:00,63.50000,ppb,R
BT4,NO,27/02/2018 00:00,89.30000,ppb,R
BT4,NO,28/02/2018 00:00,95.50000,ppb,R
BT4,NO,01/03/2018 00:00,46.60000,ppb,R
BT4,NO,02/03/2018 00:00,54.40000,ppb,R
BT4,NO,03/03/2018 00:00,60.70000,ppb,R
BT4,NO,04/03/2018 00:00,48.00000,ppb,R
BT4,NO,05/03/2018 00:00,73.40000,ppb,R
BT4,NO,06/03/2018 00:00,128.50000,ppb,R
BT4,NO,07/03/2018 00:00,104.20000,ppb,R
BT4,NO,08/03/2018 00:00,62.20000,ppb,R
BT4,NO,09/03/2018 00:00,166.30000,ppb,R
BT4,NO,10/03/2018 00:00,62.60000,ppb,R
BT4,NO,11/03/2018 00:00,79.30000,ppb,R
BT4,NO,12/03/2018 00:00,51.70000,ppb,R
BT4,NO,13/03/2018 00:00,77.30000,ppb,R
BT4,NO,14/03/2018 00:00,52.60000,ppb,R
BT4,NO,15/03/2018 00:00,82.00000,ppb,R
BT4,NO,16/03/2018 00:00,93.50000,ppb,R
BT4,NO,17/03/2018 00:00,43.10000,ppb,R
BT4,NO,18/03/2018 00:00,37.00000,ppb,R
BT4,NO,19/03/2018 00:00,43.60000,ppb,R
BT4,NO,20/03/2018 00:00,36.40000,ppb,R
BT4,NO,21/03/2018 00:00,94.30000,ppb,R
BT4,NO,22/03/2018 00:00,51.90000,ppb,R
BT4,NO,23/03/2018 00:00,55.90000,ppb,R
BT4,NO,24/03/2018 00:00,93.80000,ppb,R
BT4,NO,25/03/2018 00:00,56.40000,ppb,R
BT4,NO,26/03/2018 00:00,67.30000,ppb,R
BT4,NO,27/03/2018 00:00,66.90000,ppb,R
BT4,NO,28/03/2018 00:00,103.70000,ppb,R
BT4,NO,29/03/2018 00:00,109.90000,ppb,R
BT4,NO,30/03/2018 00:00,75.70000,ppb,R
BT4,NO,31/03/2018 00:00,48.50000,ppb,R
BT4,NO,01/04/2018 00:00,27.10000,ppb,R
BT4,NO,02/04/2018 00:00,36.40000,ppb,R
BT4,NO,03/04/2018 00:00,44.60000,ppb,R
BT4,NO,04/04/2018 00:00,35.50000,ppb,R
BT4,NO,05/04/2018 00:00,43.40000,ppb,R
BT4,NO,06/04/2018 00:00,70.70000,ppb,R
BT4,NO,07/04/2018 00:00,72.80000,ppb,R
BT4,NO,08/04/2018 00:00,62.90000,ppb,R
BT4,NO,09/04/2018 00:00,100.30000,ppb,R
BT4,NO,10/04/2018 00:00,83.10000,ppb,R
BT4,NO,11/04/2018 00:00,66.30000,ppb,R
BT4,NO,12/04/2018 00:00,51.00000,ppb,R
BT4,NO,13/04/2018 00:00,95.70000,ppb,R
BT4,NO,14/04/2018 00:00,77.10000,ppb,R
BT4,NO,15/04/2018 00:00,41.40000,ppb,R
BT4,NO,16/04/2018 00:00,52.20000,ppb,R
BT4,NO,17/04/2018 00:00,35.60000,ppb,R
BT4,NO,18/04/2018 00:00,75.00000,ppb,R
BT4,NO,19/04/2018 00:00,103.40000,ppb,R
BT4,NO,20/04/2018 00:00,64.80000,ppb,R
BT4,NO,21/04/2018 00:00,60.80000,ppb,R
BT4,NO,22/04/2018 00:00,27.30000,ppb,R
BT4,NO,23/04/2018 00:00,51.50000,ppb,R
BT4,NO,24/04/2018 00:00,53.20000,ppb,R
BT4,NO,25/04/2018 00:00,43.60000,ppb,R
BT4,NO,26/04/2018 00:00,54.00000,ppb,R
BT4,NO,27/04/2018 00:00,117.10000,ppb,R
BT4,NO,28/04/2018 00:00,47.40000,ppb,R
BT4,NO,29/04/2018 00:00,24.00000,ppb,R
BT4,NO,30/04/2018 00:00,28.90000,ppb,R
BT4,NO,01/05/2018 00:00,67.50000,ppb,R
BT4,NO,02/05/2018 00:00,39.10000,ppb,R
BT4,NO,03/05/2018 00:00,83.00000,ppb,R
BT4,NO,04/05/2018 00:00,77.90000,ppb,R
BT4,NO,05/05/2018 00:00,76.70000,ppb,R
BT4,NO,06/05/2018 00:00,38.90000,ppb,R
BT4,NO,07/05/2018 00:00,54.00000,ppb,R
BT4,NO,08/05/2018 00:00,80.70000,ppb,R
BT4,NO,09/05/2018 00:00,73.50000,ppb,R
BT4,NO,10/05/2018 00:00,36.50000,ppb,R
BT4,NO,11/05/2018 00:00,66.10000,ppb,R
BT4,NO,12/05/2018 00:00,73.10000,ppb,R
BT4,NO,13/05/2018 00:00,49.30000,ppb,R
BT4,NO,14/05/2018 00:00,32.70000,ppb,R
BT4,NO,15/05/2018 00:00,24.40000,ppb,R
BT4,NO,16/05/2018 00:00,36.60000,ppb,R
BT4,NO,17/05/2018 00:00,35.90000,ppb,R
BT4,NO,18/05/2018 00:00,69.20000,ppb,R
BT4,NO,19/05/2018 00:00,61.60000,ppb,R
BT4,NO,20/05/2018 00:00,45.70000,ppb,R
BT4,NO,21/05/2018 00:00,52.60000,ppb,R
BT4,NO,22/05/2018 00:00,30.90000,ppb,R
BT4,NO,23/05/2018 00:00,31.30000,ppb,R
BT4,NO,24/05/2018 00:00,53.60000,ppb,R
BT4,NO,25/05/2018 00:00,55.60000,ppb,R
BT4,NO,26/05/2018 00:00,30.40000,ppb,R
BT4,NO,27/05/2018 00:00,35.00000,ppb,R
BT4,NO,28/05/2018 00:00,36.10000,ppb,R
BT4,NO,29/05/2018 00:00,37.00000,ppb,R
BT4,NO,30/05/2018 00:00,82.10000,ppb,R
BT4,NO,31/05/2018 00:00,71.70000,ppb,R
BT4,NO,01/06/2018 00:00,75.60000,ppb,R
BT4,NO,02/06/2018 00:00,48.10000,ppb,R
BT4,NO,03/06/2018 00:00,42.10000,ppb,R
BT4,NO,04/06/2018 00:00,49.80000,ppb,R
BT4,NO,05/06/2018 00:00,42.60000,ppb,R
BT4,NO,06/06/2018 00:00,48.20000,ppb,R
BT4,NO,07/06/2018 00:00,48.90000,ppb,R
BT4,NO,08/06/2018 00:00,50.20000,ppb,R
BT4,NO,09/06/2018 00:00,45.20000,ppb,R
BT4,NO,10/06/2018 00:00,33.00000,ppb,R
BT4,NO,11/06/2018 00:00,64.80000,ppb,R
BT4,NO,12/06/2018 00:00,62.80000,ppb,R
BT4,NO,13/06/2018 00:00,64.70000,ppb,R
BT4,NO,14/06/2018 00:00,35.00000,ppb,R
BT4,NO,15/06/2018 00:00,48.60000,ppb,R
BT4,NO,16/06/2018 00:00,41.20000,ppb,R
BT4,NO,17/06/2018 00:00,27.40000,ppb,R
BT4,NO,18/06/2018 00:00,36.40000,ppb,R
BT4,NO,19/06/2018 00:00,48.90000,ppb,R
BT4,NO,20/06/2018 00:00,54.90000,ppb,R
BT4,NO,21/06/2018 00:00,21.90000,ppb,R
BT4,NO,22/06/2018 00:00,56.30000,ppb,R
BT4,NO,23/06/2018 00:00,33.20000,ppb,R
BT4,NO,24/06/2018 00:00,31.40000,ppb,R
BT4,NO,25/06/2018 00:00,48.00000,ppb,R
BT4,NO,26/06/2018 00:00,72.80000,ppb,R
BT4,NO,27/06/2018 00:00,57.50000,ppb,R
BT4,NO,28/06/2018 00:00,50.10000,ppb,R
BT4,NO,29/06/2018 00:00,44.90000,ppb,R
BT4,NO,30/06/2018 00:00,35.60000,ppb,R
BT4,NO,01/07/2018 00:00,28.00000,ppb,R
BT4,NO,02/07/2018 00:00,48.50000,ppb,R
BT4,NO,03/07/2018 00:00,51.20000,ppb,R
BT4,NO,04/07/2018 00:00,71.60000,ppb,R
BT4,NO,05/07/2018 00:00,61.90000,ppb,R
BT4,NO,06/07/2018 00:00,41.10000,ppb,R
BT4,NO,07/07/2018 00:00,33.70000,ppb,R
BT4,NO,08/07/2018 00:00,33.50000,ppb,R
BT4,NO,09/07/2018 00:00,47.10000,ppb,R
BT4,NO,10/07/2018 00:00,40.80000,ppb,R
BT4,NO,11/07/2018 00:00,37.30000,ppb,R
BT4,NO,12/07/2018 00:00,64.50000,ppb,R
BT4,NO,13/07/2018 00:00,71.40000,ppb,R
BT4,NO,14/07/2018 00:00,,ppb,R
BT4,NO,15/07/2018 00:00,33.30000,ppb,R
BT4,NO,16/07/2018 00:00,54.30000,ppb,R
BT4,NO,17/07/2018 00:00,57.40000,ppb,R
BT4,NO,18/07/2018 00:00,84.60000,ppb,R
BT4,NO,19/07/2018 00:00,,ppb,R
BT4,NO,20/07/2018 00:00,,ppb,R
BT4,NO,21/07/2018 00:00,36.50000,ppb,R
BT4,NO,22/07/2018 00:00,37.30000,ppb,R
BT4,NO,23/07/2018 00:00,59.40000,ppb,R
BT4,NO,24/07/2018 00:00,54.50000,ppb,R
BT4,NO,25/07/2018 00:00,49.80000,ppb,R
BT4,NO,26/07/2018 00:00,61.40000,ppb,R
BT4,NO,27/07/2018 00:00,59.30000,ppb,R
BT4,NO,28/07/2018 00:00,19.80000,ppb,R
BT4,NO,29/07/2018 00:00,14.60000,ppb,R
BT4,NO,30/07/2018 00:00,46.40000,ppb,R
BT4,NO,31/07/2018 00:00,52.90000,ppb,R
BT4,NO,01/08/2018 00:00,72.50000,ppb,R
BT4,NO,02/08/2018 00:00,66.00000,ppb,R
BT4,NO,03/08/2018 00:00,53.00000,ppb,R
BT4,NO,04/08/2018 00:00,30.10000,ppb,R
BT4,NO,05/08/2018 00:00,40.90000,ppb,R
BT4,NO,06/08/2018 00:00,61.00000,ppb,R
BT4,NO,07/08/2018 00:00,61.90000,ppb,R
BT4,NO,08/08/2018 00:00,44.50000,ppb,R
BT4,NO,09/08/2018 00:00,92.80000,ppb,R
BT4,NO,10/08/2018 00:00,68.10000,ppb,R
BT4,NO,11/08/2018 00:00,53.50000,ppb,R
BT4,NO,12/08/2018 00:00,27.30000,ppb,R
BT4,NO,13/08/2018 00:00,41.20000,ppb,R
BT4,NO,14/08/2018 00:00,43.70000,ppb,R
BT4,NO,15/08/2018 00:00,51.30000,ppb,R
BT4,NO,16/08/2018 00:00,60.60000,ppb,R
BT4,NO,17/08/2018 00:00,76.50000,ppb,R
BT4,NO,18/08/2018 00:00,46.40000,ppb,R
BT4,NO,19/08/2018 00:00,20.70000,ppb,R
BT4,NO,20/08/2018 00:00,57.50000,ppb,R
BT4,NO,21/08/2018 00:00,57.60000,ppb,R
BT4,NO,22/08/2018 00:00,73.30000,ppb,R
BT4,NO,23/08/2018 00:00,43.20000,ppb,R
BT4,NO,24/08/2018 00:00,43.20000,ppb,R
BT4,NO,25/08/2018 00:00,71.60000,ppb,R
BT4,NO,26/08/2018 00:00,50.60000,ppb,R
BT4,NO,27/08/2018 00:00,35.90000,ppb,R
BT4,NO,28/08/2018 00:00,94.20000,ppb,R
BT4,NO,29/08/2018 00:00,54.10000,ppb,R
BT4,NO,30/08/2018 00:00,64.70000,ppb,R
BT4,NO,31/08/2018 00:00,95.90000,ppb,R
BT4,NO,01/09/2018 00:00,78.50000,ppb,R
BT4,NO,02/09/2018 00:00,58.90000,ppb,R
BT4,NO,03/09/2018 00:00,98.60000,ppb,R
BT4,NO,04/09/2018 00:00,39.50000,ppb,R
BT4,NO,05/09/2018 00:00,33.00000,ppb,R
BT4,NO,06/09/2018 00:00,44.80000,ppb,R
BT4,NO,07/09/2018 00:00,46.70000,ppb,R
BT4,NO,08/09/2018 00:00,64.70000,ppb,R
BT4,NO,09/09/2018 00:00,27.20000,ppb,R
BT4,NO,10/09/2018 00:00,56.60000,ppb,R
BT4,NO,11/09/2018 00:00,44.80000,ppb,R
BT4,NO,12/09/2018 00:00,88.70000,ppb,R
BT4,NO,13/09/2018 00:00,112.30000,ppb,R
BT4,NO,14/09/2018 00:00,90.70000,ppb,R
BT4,NO,15/09/2018 00:00,65.40000,ppb,R
BT4,NO,16/09/2018 00:00,26.00000,ppb,R
BT4,NO,17/09/2018 00:00,46.40000,ppb,R
BT4,NO,18/09/2018 00:00,29.80000,ppb,R
BT4,NO,19/09/2018 00:00,31.30000,ppb,R
BT4,NO,20/09/2018 00:00,27.70000,ppb,R
BT4,NO,21/09/2018 00:00,38.30000,ppb,R
BT4,NO,22/09/2018 00:00,75.40000,ppb,R
BT4,NO,23/09/2018 00:00,39.70000,ppb,R
BT4,NO,24/09/2018 00:00,118.60000,ppb,R
BT4,NO,25/09/2018 00:00,192.30000,ppb,R
BT4,NO,26/09/2018 00:00,147.20000,ppb,R
BT4,NO,27/09/2018 00:00,113.30000,ppb,R
BT4,NO,28/09/2018 00:00,56.20000,ppb,R
BT4,NO,29/09/2018 00:00,140.00000,ppb,R
BT4,NO,30/09/2018 00:00,53.20000,ppb,R
BT4,NO,01/10/2018 00:00,39.00000,ppb,R
BT4,NO,02/10/2018 00:00,40.40000,ppb,R
BT4,NO,03/10/2018 00:00,115.90000,ppb,R
BT4,NO,04/10/2018 00:00,90.70000,ppb,R
BT4,NO,05/10/2018 00:00,116.40000,ppb,R
BT4,NO,06/10/2018 00:00,59.40000,ppb,R
BT4,NO,07/10/2018 00:00,58.60000,ppb,R
BT4,NO,08/10/2018 00:00,101.20000,ppb,R
BT4,NO,09/10/2018 00:00,129.30000,ppb,R
BT4,NO,10/10/2018 00:00,114.90000,ppb,R
BT4,NO,11/10/2018 00:00,42.10000,ppb,R
BT4,NO,12/10/2018 00:00,25.10000,ppb,R
BT4,NO,13/10/2018 00:00,18.90000,ppb,R
BT4,NO,14/10/2018 00:00,40.50000,ppb,R
BT4,NO,15/10/2018 00:00,63.10000,ppb,R
BT4,NO,16/10/2018 00:00,80.20000,ppb,R
BT4,NO,17/10/2018 00:00,105.10000,ppb,R
BT4,NO,18/10/2018 00:00,71.70000,ppb,R
BT4,NO,19/10/2018 00:00,153.20000,ppb,R
BT4,NO,20/10/2018 00:00,192.89999,ppb,R
BT4,NO,21/10/2018 00:00,84.70000,ppb,R
BT4,NO,22/10/2018 00:00,74.40000,ppb,R
BT4,NO,23/10/2018 00:00,62.50000,ppb,R
BT4,NO,24/10/2018 00:00,50.70000,ppb,R
BT4,NO,25/10/2018 00:00,72.10000,ppb,R
BT4,NO,26/10/2018 00:00,42.30000,ppb,R
BT4,NO,27/10/2018 00:00,37.50000,ppb,R
BT4,NO,28/10/2018 00:00,37.20000,ppb,R
BT4,NO,29/10/2018 00:00,49.70000,ppb,R
BT4,NO,30/10/2018 00:00,45.00000,ppb,R
BT4,NO,31/10/2018 00:00,169.30000,ppb,R
BT4,NO,01/11/2018 00:00,115.00000,ppb,R
BT4,NO,02/11/2018 00:00,189.39999,ppb,R
BT4,NO,03/11/2018 00:00,65.20000,ppb,R
BT4,NO,04/11/2018 00:00,40.60000,ppb,R
BT4,NO,05/11/2018 00:00,139.70000,ppb,R
BT4,NO,06/11/2018 00:00,107.70000,ppb,R
BT4,NO,07/11/2018 00:00,42.50000,ppb,R
BT4,NO,08/11/2018 00:00,75.10000,ppb,R
BT4,NO,09/11/2018 00:00,71.40000,ppb,R
BT4,NO,10/11/2018 00:00,53.30000,ppb,R
BT4,NO,11/11/2018 00:00,38.50000,ppb,R
BT4,NO,12/11/2018 00:00,66.40000,ppb,R
BT4,NO,13/11/2018 00:00,83.20000,ppb,R
BT4,NO,14/11/2018 00:00,103.70000,ppb,R
BT4,NO,15/11/2018 00:00,125.80000,ppb,R
BT4,NO,16/11/2018 00:00,112.70000,ppb,R
BT4,NO,17/11/2018 00:00,69.20000,ppb,R
BT4,NO,18/11/2018 00:00,52.60000,ppb,R
BT4,NO,19/11/2018 00:00,48.90000,ppb,R
BT4,NO,20/11/2018 00:00,72.90000,ppb,R
BT4,NO,21/11/2018 00:00,138.89999,ppb,R
BT4,NO,22/11/2018 00:00,172.00000,ppb,R
BT4,NO,23/11/2018 00:00,105.90000,ppb,R
BT4,NO,24/11/2018 00:00,58.50000,ppb,R
BT4,NO,25/11/2018 00:00,45.60000,ppb,R
BT4,NO,26/11/2018 00:00,54.50000,ppb,R
BT4,NO,27/11/2018 00:00,110.60000,ppb,R
BT4,NO,28/11/2018 00:00,44.40000,ppb,R
BT4,NO,29/11/2018 00:00,30.10000,ppb,R
BT4,NO,30/11/2018 00:00,89.80000,ppb,R
BT4,NO,01/12/2018 00:00,38.60000,ppb,R
BT4,NO,02/12/2018 00:00,27.10000,ppb,R
BT4,NO,03/12/2018 00:00,41.30000,ppb,R
BT4,NO,04/12/2018 00:00,191.89999,ppb,R
BT4,NO,05/12/2018 00:00,84.80000,ppb,R
BT4,NO,06/12/2018 00:00,69.30000,ppb,R
BT4,NO,07/12/2018 00:00,33.80000,ppb,R
BT4,NO,08/12/2018 00:00,26.80000,ppb,R
BT4,NO,09/12/2018 00:00,21.60000,ppb,R
BT4,NO,10/12/2018 00:00,78.10000,ppb,R
BT4,NO,11/12/2018 00:00,248.30000,ppb,R
BT4,NO,12/12/2018 00:00,72.70000,ppb,R
BT4,NO,13/12/2018 00:00,103.00000,ppb,R
BT4,NO,14/12/2018 00:00,155.30000,ppb,R
BT4,NO,15/12/2018 00:00,36.10000,ppb,R
BT4,NO,16/12/2018 00:00,72.30000,ppb,R
BT4,NO,17/12/2018 00:00,127.10000,ppb,R
BT4,NO,18/12/2018 00:00,37.10000,ppb,R
BT4,NO,19/12/2018 00:00,75.20000,ppb,R
BT4,NO,20/12/2018 00:00,80.60000,ppb,R
BT4,NO,21/12/2018 00:00,39.30000,ppb,R
BT4,NO,22/12/2018 00:00,65.70000,ppb,R
BT4,NO,23/12/2018 00:00,41.50000,ppb,R
BT4,NO,24/12/2018 00:00,155.70000,ppb,R
BT4,NO,25/12/2018 00:00,121.30000,ppb,R
BT4,NO,26/12/2018 00:00,80.00000,ppb,R
BT4,NO,27/12/2018 00:00,227.00000,ppb,R
BT4,NO,28/12/2018 00:00,146.39999,ppb,R
BT4,NO,29/12/2018 00:00,71.10000,ppb,R
BT4,NO,30/12/2018 00:00,45.10000,ppb,R
BT4,NO,31/12/2018 00:00,24.20000,ppb,R
BT5,NO,01/01/2018 00:00,7.20000,ppb,R
BT5,NO,02/01/2018 00:00,18.10000,ppb,R
BT5,NO,03/01/2018 00:00,11.10000,ppb,R
BT5,NO,04/01/2018 00:00,17.30000,ppb,R
BT5,NO,05/01/2018 00:00,46.40000,ppb,R
BT5,NO,06/01/2018 00:00,36.30000,ppb,R
BT5,NO,07/01/2018 00:00,2.00000,ppb,R
BT5,NO,08/01/2018 00:00,10.20000,ppb,R
BT5,NO,09/01/2018 00:00,28.40000,ppb,R
BT5,NO,10/01/2018 00:00,100.50000,ppb,R
BT5,NO,11/01/2018 00:00,45.00000,ppb,R
BT5,NO,12/01/2018 00:00,21.80000,ppb,R
BT5,NO,13/01/2018 00:00,4.80000,ppb,R
BT5,NO,14/01/2018 00:00,12.80000,ppb,R
BT5,NO,15/01/2018 00:00,16.30000,ppb,R
BT5,NO,16/01/2018 00:00,19.60000,ppb,R
BT5,NO,17/01/2018 00:00,23.70000,ppb,R
BT5,NO,18/01/2018 00:00,26.30000,ppb,R
BT5,NO,19/01/2018 00:00,37.10000,ppb,R
BT5,NO,20/01/2018 00:00,11.20000,ppb,R
BT5,NO,21/01/2018 00:00,19.00000,ppb,R
BT5,NO,22/01/2018 00:00,50.40000,ppb,P
BT5,NO,23/01/2018 00:00,22.90000,ppb,P
BT5,NO,24/01/2018 00:00,19.20000,ppb,P
BT5,NO,25/01/2018 00:00,35.30000,ppb,P
BT5,NO,26/01/2018 00:00,51.10000,ppb,P
BT5,NO,27/01/2018 00:00,22.40000,ppb,P
BT5,NO,28/01/2018 00:00,6.00000,ppb,P
BT5,NO,29/01/2018 00:00,30.70000,ppb,P
BT5,NO,30/01/2018 00:00,100.30000,ppb,P
BT5,NO,31/01/2018 00:00,25.20000,ppb,P
BT5,NO,01/02/2018 00:00,28.50000,ppb,P
BT5,NO,02/02/2018 00:00,46.00000,ppb,P
BT5,NO,03/02/2018 00:00,25.80000,ppb,P
BT5,NO,04/02/2018 00:00,2.20000,ppb,P
BT5,NO,05/02/2018 00:00,15.70000,ppb,P
BT5,NO,06/02/2018 00:00,19.00000,ppb,P
BT5,NO,07/02/2018 00:00,45.30000,ppb,P
BT5,NO,08/02/2018 00:00,60.10000,ppb,P
BT5,NO,09/02/2018 00:00,25.90000,ppb,P
BT5,NO,10/02/2018 00:00,20.70000,ppb,P
BT5,NO,11/02/2018 00:00,10.20000,ppb,P
BT5,NO,12/02/2018 00:00,42.00000,ppb,P
BT5,NO,13/02/2018 00:00,9.00000,ppb,P
BT5,NO,14/02/2018 00:00,23.60000,ppb,P
BT5,NO,15/02/2018 00:00,33.40000,ppb,P
BT5,NO,16/02/2018 00:00,65.30000,ppb,P
BT5,NO,17/02/2018 00:00,62.30000,ppb,P
BT5,NO,18/02/2018 00:00,18.30000,ppb,P
BT5,NO,19/02/2018 00:00,48.10000,ppb,P
BT5,NO,20/02/2018 00:00,13.90000,ppb,P
BT5,NO,21/02/2018 00:00,15.90000,ppb,P
BT5,NO,22/02/2018 00:00,8.80000,ppb,P
BT5,NO,23/02/2018 00:00,14.50000,ppb,P
BT5,NO,24/02/2018 00:00,9.90000,ppb,P
BT5,NO,25/02/2018 00:00,2.30000,ppb,P
BT5,NO,26/02/2018 00:00,10.10000,ppb,P
BT5,NO,27/02/2018 00:00,22.70000,ppb,P
BT5,NO,28/02/2018 00:00,13.00000,ppb,P
BT5,NO,01/03/2018 00:00,9.30000,ppb,P
BT5,NO,02/03/2018 00:00,8.40000,ppb,P
BT5,NO,03/03/2018 00:00,8.00000,ppb,P
BT5,NO,04/03/2018 00:00,8.20000,ppb,P
BT5,NO,05/03/2018 00:00,12.10000,ppb,P
BT5,NO,06/03/2018 00:00,42.40000,ppb,P
BT5,NO,07/03/2018 00:00,62.50000,ppb,P
BT5,NO,08/03/2018 00:00,21.90000,ppb,P
BT5,NO,09/03/2018 00:00,36.70000,ppb,P
BT5,NO,10/03/2018 00:00,14.80000,ppb,P
BT5,NO,11/03/2018 00:00,12.10000,ppb,P
BT5,NO,12/03/2018 00:00,26.50000,ppb,P
BT5,NO,13/03/2018 00:00,42.40000,ppb,P
BT5,NO,14/03/2018 00:00,5.50000,ppb,P
BT5,NO,15/03/2018 00:00,8.60000,ppb,P
BT5,NO,16/03/2018 00:00,25.00000,ppb,P
BT5,NO,17/03/2018 00:00,4.80000,ppb,P
BT5,NO,18/03/2018 00:00,2.70000,ppb,P
BT5,NO,19/03/2018 00:00,12.00000,ppb,P
BT5,NO,20/03/2018 00:00,9.30000,ppb,P
BT5,NO,21/03/2018 00:00,56.40000,ppb,P
BT5,NO,22/03/2018 00:00,26.80000,ppb,P
BT5,NO,23/03/2018 00:00,20.10000,ppb,P
BT5,NO,24/03/2018 00:00,8.50000,ppb,P
BT5,NO,25/03/2018 00:00,25.80000,ppb,P
BT5,NO,26/03/2018 00:00,35.00000,ppb,P
BT5,NO,27/03/2018 00:00,25.50000,ppb,P
BT5,NO,28/03/2018 00:00,38.90000,ppb,P
BT5,NO,29/03/2018 00:00,21.40000,ppb,P
BT5,NO,30/03/2018 00:00,6.20000,ppb,P
BT5,NO,31/03/2018 00:00,11.90000,ppb,P
BT5,NO,01/04/2018 00:00,5.20000,ppb,P
BT5,NO,02/04/2018 00:00,5.10000,ppb,P
BT5,NO,03/04/2018 00:00,12.90000,ppb,P
BT5,NO,04/04/2018 00:00,7.20000,ppb,P
BT5,NO,05/04/2018 00:00,16.20000,ppb,P
BT5,NO,06/04/2018 00:00,10.80000,ppb,P
BT5,NO,07/04/2018 00:00,10.70000,ppb,P
BT5,NO,08/04/2018 00:00,9.30000,ppb,P
BT5,NO,09/04/2018 00:00,10.80000,ppb,P
BT5,NO,10/04/2018 00:00,9.60000,ppb,P
BT5,NO,11/04/2018 00:00,11.60000,ppb,P
BT5,NO,12/04/2018 00:00,9.80000,ppb,P
BT5,NO,13/04/2018 00:00,38.50000,ppb,P
BT5,NO,14/04/2018 00:00,15.00000,ppb,P
BT5,NO,15/04/2018 00:00,4.90000,ppb,P
BT5,NO,16/04/2018 00:00,21.90000,ppb,P
BT5,NO,17/04/2018 00:00,8.50000,ppb,P
BT5,NO,18/04/2018 00:00,13.50000,ppb,P
BT5,NO,19/04/2018 00:00,37.20000,ppb,P
BT5,NO,20/04/2018 00:00,25.80000,ppb,P
BT5,NO,21/04/2018 00:00,7.50000,ppb,P
BT5,NO,22/04/2018 00:00,5.50000,ppb,P
BT5,NO,23/04/2018 00:00,26.80000,ppb,P
BT5,NO,24/04/2018 00:00,22.90000,ppb,P
BT5,NO,25/04/2018 00:00,21.90000,ppb,P
BT5,NO,26/04/2018 00:00,22.50000,ppb,P
BT5,NO,27/04/2018 00:00,11.00000,ppb,P
BT5,NO,28/04/2018 00:00,6.20000,ppb,P
BT5,NO,29/04/2018 00:00,1.10000,ppb,P
BT5,NO,30/04/2018 00:00,9.20000,ppb,P
BT5,NO,01/05/2018 00:00,27.40000,ppb,P
BT5,NO,02/05/2018 00:00,14.20000,ppb,P
BT5,NO,03/05/2018 00:00,37.40000,ppb,P
BT5,NO,04/05/2018 00:00,20.50000,ppb,P
BT5,NO,05/05/2018 00:00,14.50000,ppb,P
BT5,NO,06/05/2018 00:00,1.60000,ppb,P
BT5,NO,07/05/2018 00:00,3.00000,ppb,P
BT5,NO,08/05/2018 00:00,40.80000,ppb,P
BT5,NO,09/05/2018 00:00,30.10000,ppb,P
BT5,NO,10/05/2018 00:00,20.30000,ppb,P
BT5,NO,11/05/2018 00:00,7.50000,ppb,P
BT5,NO,12/05/2018 00:00,16.10000,ppb,P
BT5,NO,13/05/2018 00:00,17.00000,ppb,P
BT5,NO,14/05/2018 00:00,7.90000,ppb,P
BT5,NO,15/05/2018 00:00,6.50000,ppb,P
BT5,NO,16/05/2018 00:00,7.70000,ppb,P
BT5,NO,17/05/2018 00:00,6.20000,ppb,P
BT5,NO,18/05/2018 00:00,9.50000,ppb,P
BT5,NO,19/05/2018 00:00,11.50000,ppb,P
BT5,NO,20/05/2018 00:00,3.80000,ppb,P
BT5,NO,21/05/2018 00:00,11.40000,ppb,P
BT5,NO,22/05/2018 00:00,4.60000,ppb,P
BT5,NO,23/05/2018 00:00,4.70000,ppb,P
BT5,NO,24/05/2018 00:00,18.80000,ppb,P
BT5,NO,25/05/2018 00:00,18.50000,ppb,P
BT5,NO,26/05/2018 00:00,2.80000,ppb,P
BT5,NO,27/05/2018 00:00,6.30000,ppb,P
BT5,NO,28/05/2018 00:00,3.00000,ppb,P
BT5,NO,29/05/2018 00:00,3.80000,ppb,P
BT5,NO,30/05/2018 00:00,14.00000,ppb,P
BT5,NO,31/05/2018 00:00,11.90000,ppb,P
BT5,NO,01/06/2018 00:00,25.00000,ppb,P
BT5,NO,02/06/2018 00:00,17.50000,ppb,P
BT5,NO,03/06/2018 00:00,7.70000,ppb,P
BT5,NO,04/06/2018 00:00,11.40000,ppb,P
BT5,NO,05/06/2018 00:00,8.50000,ppb,P
BT5,NO,06/06/2018 00:00,5.60000,ppb,P
BT5,NO,07/06/2018 00:00,7.80000,ppb,P
BT5,NO,08/06/2018 00:00,5.80000,ppb,P
BT5,NO,09/06/2018 00:00,2.90000,ppb,P
BT5,NO,10/06/2018 00:00,0.80000,ppb,P
BT5,NO,11/06/2018 00:00,7.90000,ppb,P
BT5,NO,12/06/2018 00:00,8.80000,ppb,P
BT5,NO,13/06/2018 00:00,19.30000,ppb,P
BT5,NO,14/06/2018 00:00,17.20000,ppb,P
BT5,NO,15/06/2018 00:00,24.40000,ppb,P
BT5,NO,16/06/2018 00:00,11.20000,ppb,P
BT5,NO,17/06/2018 00:00,6.10000,ppb,P
BT5,NO,18/06/2018 00:00,13.00000,ppb,P
BT5,NO,19/06/2018 00:00,21.60000,ppb,P
BT5,NO,20/06/2018 00:00,21.40000,ppb,P
BT5,NO,21/06/2018 00:00,9.90000,ppb,P
BT5,NO,22/06/2018 00:00,10.30000,ppb,P
BT5,NO,23/06/2018 00:00,9.50000,ppb,P
BT5,NO,24/06/2018 00:00,2.10000,ppb,P
BT5,NO,25/06/2018 00:00,12.60000,ppb,P
BT5,NO,26/06/2018 00:00,12.30000,ppb,P
BT5,NO,27/06/2018 00:00,,ppb,P
BT5,NO,28/06/2018 00:00,,ppb,P
BT5,NO,29/06/2018 00:00,,ppb,P
BT5,NO,30/06/2018 00:00,2.20000,ppb,P
BT5,NO,01/07/2018 00:00,0.60000,ppb,P
BT5,NO,02/07/2018 00:00,6.70000,ppb,P
BT5,NO,03/07/2018 00:00,4.10000,ppb,P
BT5,NO,04/07/2018 00:00,9.00000,ppb,P
BT5,NO,05/07/2018 00:00,14.30000,ppb,P
BT5,NO,06/07/2018 00:00,9.60000,ppb,P
BT5,NO,07/07/2018 00:00,7.70000,ppb,P
BT5,NO,08/07/2018 00:00,1.50000,ppb,P
BT5,NO,09/07/2018 00:00,13.10000,ppb,P
BT5,NO,10/07/2018 00:00,4.90000,ppb,P
BT5,NO,11/07/2018 00:00,7.90000,ppb,P
BT5,NO,12/07/2018 00:00,8.00000,ppb,P
BT5,NO,13/07/2018 00:00,7.00000,ppb,P
BT5,NO,14/07/2018 00:00,,ppb,P
BT5,NO,15/07/2018 00:00,,ppb,P
BT5,NO,16/07/2018 00:00,,ppb,P
BT5,NO,17/07/2018 00:00,,ppb,P
BT5,NO,18/07/2018 00:00,24.90000,ppb,P
BT5,NO,19/07/2018 00:00,15.80000,ppb,P
BT5,NO,20/07/2018 00:00,10.80000,ppb,P
BT5,NO,21/07/2018 00:00,6.40000,ppb,P
BT5,NO,22/07/2018 00:00,7.40000,ppb,P
BT5,NO,23/07/2018 00:00,18.60000,ppb,P
BT5,NO,24/07/2018 00:00,18.50000,ppb,P
BT5,NO,25/07/2018 00:00,11.70000,ppb,P
BT5,NO,26/07/2018 00:00,8.30000,ppb,P
BT5,NO,27/07/2018 00:00,16.20000,ppb,P
BT5,NO,28/07/2018 00:00,6.60000,ppb,P
BT5,NO,29/07/2018 00:00,2.40000,ppb,P
BT5,NO,30/07/2018 00:00,11.00000,ppb,P
BT5,NO,31/07/2018 00:00,17.00000,ppb,P
BT5,NO,01/08/2018 00:00,25.50000,ppb,P
BT5,NO,02/08/2018 00:00,23.10000,ppb,P
BT5,NO,03/08/2018 00:00,16.20000,ppb,P
BT5,NO,04/08/2018 00:00,5.50000,ppb,P
BT5,NO,05/08/2018 00:00,2.90000,ppb,P
BT5,NO,06/08/2018 00:00,19.00000,ppb,P
BT5,NO,07/08/2018 00:00,19.80000,ppb,P
BT5,NO,08/08/2018 00:00,16.00000,ppb,P
BT5,NO,09/08/2018 00:00,25.60000,ppb,P
BT5,NO,10/08/2018 00:00,23.70000,ppb,P
BT5,NO,11/08/2018 00:00,15.10000,ppb,P
BT5,NO,12/08/2018 00:00,5.90000,ppb,P
BT5,NO,13/08/2018 00:00,22.10000,ppb,P
BT5,NO,14/08/2018 00:00,24.90000,ppb,P
BT5,NO,15/08/2018 00:00,20.70000,ppb,P
BT5,NO,16/08/2018 00:00,27.30000,ppb,P
BT5,NO,17/08/2018 00:00,31.80000,ppb,P
BT5,NO,18/08/2018 00:00,13.50000,ppb,P
BT5,NO,19/08/2018 00:00,6.30000,ppb,P
BT5,NO,20/08/2018 00:00,24.90000,ppb,P
BT5,NO,21/08/2018 00:00,22.40000,ppb,P
BT5,NO,22/08/2018 00:00,23.80000,ppb,P
BT5,NO,23/08/2018 00:00,21.40000,ppb,P
BT5,NO,24/08/2018 00:00,20.20000,ppb,P
BT5,NO,25/08/2018 00:00,28.90000,ppb,P
BT5,NO,26/08/2018 00:00,16.30000,ppb,P
BT5,NO,27/08/2018 00:00,6.70000,ppb,P
BT5,NO,28/08/2018 00:00,19.40000,ppb,P
BT5,NO,29/08/2018 00:00,25.20000,ppb,P
BT5,NO,30/08/2018 00:00,13.50000,ppb,P
BT5,NO,31/08/2018 00:00,14.20000,ppb,P
BT5,NO,01/09/2018 00:00,18.00000,ppb,P
BT5,NO,02/09/2018 00:00,8.00000,ppb,P
BT5,NO,03/09/2018 00:00,34.10000,ppb,P
BT5,NO,04/09/2018 00:00,9.90000,ppb,P
BT5,NO,05/09/2018 00:00,9.90000,ppb,P
BT5,NO,06/09/2018 00:00,23.90000,ppb,P
BT5,NO,07/09/2018 00:00,26.60000,ppb,P
BT5,NO,08/09/2018 00:00,18.10000,ppb,P
BT5,NO,09/09/2018 00:00,6.00000,ppb,P
BT5,NO,10/09/2018 00:00,25.50000,ppb,P
BT5,NO,11/09/2018 00:00,19.20000,ppb,P
BT5,NO,12/09/2018 00:00,36.00000,ppb,P
BT5,NO,13/09/2018 00:00,70.00000,ppb,P
BT5,NO,14/09/2018 00:00,27.20000,ppb,P
BT5,NO,15/09/2018 00:00,20.20000,ppb,P
BT5,NO,16/09/2018 00:00,6.00000,ppb,P
BT5,NO,17/09/2018 00:00,9.80000,ppb,P
BT5,NO,18/09/2018 00:00,13.30000,ppb,P
BT5,NO,19/09/2018 00:00,14.60000,ppb,P
BT5,NO,20/09/2018 00:00,12.20000,ppb,P
BT5,NO,21/09/2018 00:00,14.40000,ppb,P
BT5,NO,22/09/2018 00:00,13.40000,ppb,P
BT5,NO,23/09/2018 00:00,5.60000,ppb,P
BT5,NO,24/09/2018 00:00,59.70000,ppb,P
BT5,NO,25/09/2018 00:00,101.40000,ppb,P
BT5,NO,26/09/2018 00:00,56.60000,ppb,P
BT5,NO,27/09/2018 00:00,61.50000,ppb,P
BT5,NO,28/09/2018 00:00,8.80000,ppb,P
BT5,NO,29/09/2018 00:00,57.90000,ppb,P
BT5,NO,30/09/2018 00:00,17.70000,ppb,P
BT5,NO,01/10/2018 00:00,25.40000,ppb,P
BT5,NO,02/10/2018 00:00,19.20000,ppb,P
BT5,NO,03/10/2018 00:00,53.20000,ppb,P
BT5,NO,04/10/2018 00:00,30.00000,ppb,P
BT5,NO,05/10/2018 00:00,35.20000,ppb,P
BT5,NO,06/10/2018 00:00,12.10000,ppb,P
BT5,NO,07/10/2018 00:00,19.70000,ppb,P
BT5,NO,08/10/2018 00:00,30.00000,ppb,P
BT5,NO,09/10/2018 00:00,36.70000,ppb,P
BT5,NO,10/10/2018 00:00,47.30000,ppb,P
BT5,NO,11/10/2018 00:00,5.30000,ppb,P
BT5,NO,12/10/2018 00:00,4.30000,ppb,P
BT5,NO,13/10/2018 00:00,3.40000,ppb,P
BT5,NO,14/10/2018 00:00,2.60000,ppb,P
BT5,NO,15/10/2018 00:00,12.70000,ppb,P
BT5,NO,16/10/2018 00:00,16.00000,ppb,P
BT5,NO,17/10/2018 00:00,32.70000,ppb,P
BT5,NO,18/10/2018 00:00,15.80000,ppb,P
BT5,NO,19/10/2018 00:00,85.50000,ppb,P
BT5,NO,20/10/2018 00:00,115.60000,ppb,P
BT5,NO,21/10/2018 00:00,36.90000,ppb,P
BT5,NO,22/10/2018 00:00,36.10000,ppb,P
BT5,NO,23/10/2018 00:00,29.20000,ppb,P
BT5,NO,24/10/2018 00:00,33.60000,ppb,P
BT5,NO,25/10/2018 00:00,39.80000,ppb,P
BT5,NO,26/10/2018 00:00,21.10000,ppb,P
BT5,NO,27/10/2018 00:00,7.20000,ppb,P
BT5,NO,28/10/2018 00:00,2.60000,ppb,P
BT5,NO,29/10/2018 00:00,17.90000,ppb,P
BT5,NO,30/10/2018 00:00,26.30000,ppb,P
BT5,NO,31/10/2018 00:00,64.00000,ppb,P
BT5,NO,01/11/2018 00:00,48.70000,ppb,P
BT5,NO,02/11/2018 00:00,111.00000,ppb,P
BT5,NO,03/11/2018 00:00,11.30000,ppb,P
BT5,NO,04/11/2018 00:00,5.10000,ppb,P
BT5,NO,05/11/2018 00:00,55.70000,ppb,P
BT5,NO,06/11/2018 00:00,30.90000,ppb,P
BT5,NO,07/11/2018 00:00,9.80000,ppb,P
BT5,NO,08/11/2018 00:00,7.60000,ppb,P
BT5,NO,09/11/2018 00:00,12.40000,ppb,P
BT5,NO,10/11/2018 00:00,8.90000,ppb,P
BT5,NO,11/11/2018 00:00,7.20000,ppb,P
BT5,NO,12/11/2018 00:00,14.10000,ppb,P
BT5,NO,13/11/2018 00:00,26.90000,ppb,P
BT5,NO,14/11/2018 00:00,17.50000,ppb,P
BT5,NO,15/11/2018 00:00,18.40000,ppb,P
BT5,NO,16/11/2018 00:00,18.40000,ppb,P
BT5,NO,17/11/2018 00:00,11.50000,ppb,P
BT5,NO,18/11/2018 00:00,4.40000,ppb,P
BT5,NO,19/11/2018 00:00,12.90000,ppb,P
BT5,NO,20/11/2018 00:00,16.60000,ppb,P
BT5,NO,21/11/2018 00:00,28.60000,ppb,P
BT5,NO,22/11/2018 00:00,67.10000,ppb,P
BT5,NO,23/11/2018 00:00,29.80000,ppb,P
BT5,NO,24/11/2018 00:00,14.30000,ppb,P
BT5,NO,25/11/2018 00:00,4.90000,ppb,P
BT5,NO,26/11/2018 00:00,27.50000,ppb,P
BT5,NO,27/11/2018 00:00,23.80000,ppb,P
BT5,NO,28/11/2018 00:00,8.40000,ppb,P
BT5,NO,29/11/2018 00:00,10.50000,ppb,P
BT5,NO,30/11/2018 00:00,32.80000,ppb,P
BT5,NO,01/12/2018 00:00,9.10000,ppb,P
BT5,NO,02/12/2018 00:00,7.20000,ppb,P
BT5,NO,03/12/2018 00:00,20.50000,ppb,P
BT5,NO,04/12/2018 00:00,88.00000,ppb,P
BT5,NO,05/12/2018 00:00,16.70000,ppb,P
BT5,NO,06/12/2018 00:00,29.80000,ppb,P
BT5,NO,07/12/2018 00:00,17.00000,ppb,P
BT5,NO,08/12/2018 00:00,9.30000,ppb,P
BT5,NO,09/12/2018 00:00,6.50000,ppb,P
BT5,NO,10/12/2018 00:00,50.30000,ppb,P
BT5,NO,11/12/2018 00:00,98.70000,ppb,P
BT5,NO,12/12/2018 00:00,6.20000,ppb,P
BT5,NO,13/12/2018 00:00,18.10000,ppb,P
BT5,NO,14/12/2018 00:00,57.50000,ppb,P
BT5,NO,15/12/2018 00:00,5.50000,ppb,P
BT5,NO,16/12/2018 00:00,21.30000,ppb,P
BT5,NO,17/12/2018 00:00,47.20000,ppb,P
BT5,NO,18/12/2018 00:00,6.40000,ppb,P
BT5,NO,19/12/2018 00:00,23.00000,ppb,P
BT5,NO,20/12/2018 00:00,34.00000,ppb,P
BT5,NO,21/12/2018 00:00,14.20000,ppb,P
BT5,NO,22/12/2018 00:00,14.60000,ppb,P
BT5,NO,23/12/2018 00:00,7.40000,ppb,P
BT5,NO,24/12/2018 00:00,71.90000,ppb,P
BT5,NO,25/12/2018 00:00,65.50000,ppb,P
BT5,NO,26/12/2018 00:00,23.90000,ppb,P
BT5,NO,27/12/2018 00:00,154.10001,ppb,P
BT5,NO,28/12/2018 00:00,75.60000,ppb,P
BT5,NO,29/12/2018 00:00,29.00000,ppb,P
BT5,NO,30/12/2018 00:00,19.10000,ppb,P
BT5,NO,31/12/2018 00:00,10.80000,ppb,P
BT6,NO,01/01/2018 00:00,6.20000,ppb,R
BT6,NO,02/01/2018 00:00,13.20000,ppb,R
BT6,NO,03/01/2018 00:00,6.50000,ppb,R
BT6,NO,04/01/2018 00:00,13.60000,ppb,R
BT6,NO,05/01/2018 00:00,35.70000,ppb,R
BT6,NO,06/01/2018 00:00,24.60000,ppb,R
BT6,NO,07/01/2018 00:00,2.80000,ppb,R
BT6,NO,08/01/2018 00:00,3.80000,ppb,R
BT6,NO,09/01/2018 00:00,41.30000,ppb,R
BT6,NO,10/01/2018 00:00,65.10000,ppb,R
BT6,NO,11/01/2018 00:00,51.30000,ppb,R
BT6,NO,12/01/2018 00:00,25.80000,ppb,R
BT6,NO,13/01/2018 00:00,14.10000,ppb,R
BT6,NO,14/01/2018 00:00,9.90000,ppb,R
BT6,NO,15/01/2018 00:00,10.30000,ppb,R
BT6,NO,16/01/2018 00:00,10.90000,ppb,R
BT6,NO,17/01/2018 00:00,11.10000,ppb,R
BT6,NO,18/01/2018 00:00,13.40000,ppb,R
BT6,NO,19/01/2018 00:00,27.10000,ppb,R
BT6,NO,20/01/2018 00:00,9.50000,ppb,R
BT6,NO,21/01/2018 00:00,20.80000,ppb,R
BT6,NO,22/01/2018 00:00,25.40000,ppb,R
BT6,NO,23/01/2018 00:00,8.20000,ppb,R
BT6,NO,24/01/2018 00:00,7.30000,ppb,R
BT6,NO,25/01/2018 00:00,16.90000,ppb,R
BT6,NO,26/01/2018 00:00,46.30000,ppb,R
BT6,NO,27/01/2018 00:00,17.30000,ppb,R
BT6,NO,28/01/2018 00:00,4.70000,ppb,R
BT6,NO,29/01/2018 00:00,14.50000,ppb,R
BT6,NO,30/01/2018 00:00,72.30000,ppb,R
BT6,NO,31/01/2018 00:00,11.50000,ppb,R
BT6,NO,01/02/2018 00:00,21.20000,ppb,R
BT6,NO,02/02/2018 00:00,38.30000,ppb,R
BT6,NO,03/02/2018 00:00,20.90000,ppb,R
BT6,NO,04/02/2018 00:00,4.20000,ppb,R
BT6,NO,05/02/2018 00:00,6.00000,ppb,R
BT6,NO,06/02/2018 00:00,24.60000,ppb,R
BT6,NO,07/02/2018 00:00,44.00000,ppb,R
BT6,NO,08/02/2018 00:00,46.60000,ppb,R
BT6,NO,09/02/2018 00:00,15.00000,ppb,R
BT6,NO,10/02/2018 00:00,21.60000,ppb,R
BT6,NO,11/02/2018 00:00,6.80000,ppb,R
BT6,NO,12/02/2018 00:00,23.00000,ppb,R
BT6,NO,13/02/2018 00:00,11.10000,ppb,R
BT6,NO,14/02/2018 00:00,27.40000,ppb,R
BT6,NO,15/02/2018 00:00,14.70000,ppb,R
BT6,NO,16/02/2018 00:00,34.80000,ppb,R
BT6,NO,17/02/2018 00:00,35.80000,ppb,R
BT6,NO,18/02/2018 00:00,17.10000,ppb,R
BT6,NO,19/02/2018 00:00,37.10000,ppb,R
BT6,NO,20/02/2018 00:00,13.50000,ppb,R
BT6,NO,21/02/2018 00:00,12.60000,ppb,R
BT6,NO,22/02/2018 00:00,6.00000,ppb,R
BT6,NO,23/02/2018 00:00,8.00000,ppb,R
BT6,NO,24/02/2018 00:00,4.60000,ppb,R
BT6,NO,25/02/2018 00:00,3.10000,ppb,R
BT6,NO,26/02/2018 00:00,5.50000,ppb,R
BT6,NO,27/02/2018 00:00,11.70000,ppb,R
BT6,NO,28/02/2018 00:00,7.50000,ppb,R
BT6,NO,01/03/2018 00:00,3.50000,ppb,R
BT6,NO,02/03/2018 00:00,4.10000,ppb,R
BT6,NO,03/03/2018 00:00,7.20000,ppb,R
BT6,NO,04/03/2018 00:00,11.80000,ppb,R
BT6,NO,05/03/2018 00:00,16.20000,ppb,R
BT6,NO,06/03/2018 00:00,23.40000,ppb,R
BT6,NO,07/03/2018 00:00,45.10000,ppb,R
BT6,NO,08/03/2018 00:00,9.30000,ppb,R
BT6,NO,09/03/2018 00:00,36.10000,ppb,R
BT6,NO,10/03/2018 00:00,11.30000,ppb,R
BT6,NO,11/03/2018 00:00,11.30000,ppb,R
BT6,NO,12/03/2018 00:00,17.90000,ppb,R
BT6,NO,13/03/2018 00:00,24.30000,ppb,R
BT6,NO,14/03/2018 00:00,12.60000,ppb,R
BT6,NO,15/03/2018 00:00,11.00000,ppb,R
BT6,NO,16/03/2018 00:00,12.40000,ppb,R
BT6,NO,17/03/2018 00:00,3.30000,ppb,R
BT6,NO,18/03/2018 00:00,2.80000,ppb,R
BT6,NO,19/03/2018 00:00,3.60000,ppb,R
BT6,NO,20/03/2018 00:00,9.10000,ppb,R
BT6,NO,21/03/2018 00:00,37.30000,ppb,R
BT6,NO,22/03/2018 00:00,14.20000,ppb,R
BT6,NO,23/03/2018 00:00,8.40000,ppb,R
BT6,NO,24/03/2018 00:00,9.10000,ppb,R
BT6,NO,25/03/2018 00:00,16.60000,ppb,R
BT6,NO,26/03/2018 00:00,17.20000,ppb,R
BT6,NO,27/03/2018 00:00,16.80000,ppb,R
BT6,NO,28/03/2018 00:00,22.90000,ppb,R
BT6,NO,29/03/2018 00:00,20.70000,ppb,R
BT6,NO,30/03/2018 00:00,5.00000,ppb,R
BT6,NO,31/03/2018 00:00,13.50000,ppb,R
BT6,NO,01/04/2018 00:00,8.10000,ppb,R
BT6,NO,02/04/2018 00:00,5.60000,ppb,R
BT6,NO,03/04/2018 00:00,7.00000,ppb,R
BT6,NO,04/04/2018 00:00,6.00000,ppb,R
BT6,NO,05/04/2018 00:00,9.30000,ppb,R
BT6,NO,06/04/2018 00:00,11.30000,ppb,R
BT6,NO,07/04/2018 00:00,8.70000,ppb,R
BT6,NO,08/04/2018 00:00,6.80000,ppb,R
BT6,NO,09/04/2018 00:00,3.50000,ppb,R
BT6,NO,10/04/2018 00:00,3.90000,ppb,R
BT6,NO,11/04/2018 00:00,6.20000,ppb,R
BT6,NO,12/04/2018 00:00,9.40000,ppb,R
BT6,NO,13/04/2018 00:00,17.90000,ppb,R
BT6,NO,14/04/2018 00:00,9.90000,ppb,R
BT6,NO,15/04/2018 00:00,4.50000,ppb,R
BT6,NO,16/04/2018 00:00,6.20000,ppb,R
BT6,NO,17/04/2018 00:00,6.20000,ppb,R
BT6,NO,18/04/2018 00:00,11.40000,ppb,R
BT6,NO,19/04/2018 00:00,16.20000,ppb,R
BT6,NO,20/04/2018 00:00,17.80000,ppb,R
BT6,NO,21/04/2018 00:00,5.30000,ppb,R
BT6,NO,22/04/2018 00:00,4.60000,ppb,R
BT6,NO,23/04/2018 00:00,9.40000,ppb,R
BT6,NO,24/04/2018 00:00,10.00000,ppb,R
BT6,NO,25/04/2018 00:00,10.00000,ppb,R
BT6,NO,26/04/2018 00:00,8.30000,ppb,R
BT6,NO,27/04/2018 00:00,10.20000,ppb,R
BT6,NO,28/04/2018 00:00,10.10000,ppb,R
BT6,NO,29/04/2018 00:00,2.40000,ppb,R
BT6,NO,30/04/2018 00:00,11.60000,ppb,R
BT6,NO,01/05/2018 00:00,15.10000,ppb,R
BT6,NO,02/05/2018 00:00,13.70000,ppb,R
BT6,NO,03/05/2018 00:00,24.00000,ppb,R
BT6,NO,04/05/2018 00:00,13.40000,ppb,R
BT6,NO,05/05/2018 00:00,9.10000,ppb,R
BT6,NO,06/05/2018 00:00,2.00000,ppb,R
BT6,NO,07/05/2018 00:00,2.00000,ppb,R
BT6,NO,08/05/2018 00:00,15.70000,ppb,R
BT6,NO,09/05/2018 00:00,12.80000,ppb,R
BT6,NO,10/05/2018 00:00,10.00000,ppb,R
BT6,NO,11/05/2018 00:00,9.40000,ppb,R
BT6,NO,12/05/2018 00:00,10.90000,ppb,R
BT6,NO,13/05/2018 00:00,13.90000,ppb,R
BT6,NO,14/05/2018 00:00,11.60000,ppb,R
BT6,NO,15/05/2018 00:00,8.30000,ppb,R
BT6,NO,16/05/2018 00:00,4.00000,ppb,R
BT6,NO,17/05/2018 00:00,3.90000,ppb,R
BT6,NO,18/05/2018 00:00,6.70000,ppb,R
BT6,NO,19/05/2018 00:00,7.70000,ppb,R
BT6,NO,20/05/2018 00:00,4.70000,ppb,R
BT6,NO,21/05/2018 00:00,4.00000,ppb,R
BT6,NO,22/05/2018 00:00,6.40000,ppb,R
BT6,NO,23/05/2018 00:00,4.60000,ppb,R
BT6,NO,24/05/2018 00:00,10.80000,ppb,R
BT6,NO,25/05/2018 00:00,12.50000,ppb,R
BT6,NO,26/05/2018 00:00,1.50000,ppb,R
BT6,NO,27/05/2018 00:00,2.90000,ppb,R
BT6,NO,28/05/2018 00:00,3.20000,ppb,R
BT6,NO,29/05/2018 00:00,3.80000,ppb,R
BT6,NO,30/05/2018 00:00,8.80000,ppb,R
BT6,NO,31/05/2018 00:00,3.80000,ppb,R
BT6,NO,01/06/2018 00:00,10.50000,ppb,R
BT6,NO,02/06/2018 00:00,9.90000,ppb,R
BT6,NO,03/06/2018 00:00,5.60000,ppb,R
BT6,NO,04/06/2018 00:00,2.50000,ppb,R
BT6,NO,05/06/2018 00:00,2.60000,ppb,R
BT6,NO,06/06/2018 00:00,2.50000,ppb,R
BT6,NO,07/06/2018 00:00,3.00000,ppb,R
BT6,NO,08/06/2018 00:00,3.70000,ppb,R
BT6,NO,09/06/2018 00:00,2.70000,ppb,R
BT6,NO,10/06/2018 00:00,1.40000,ppb,R
BT6,NO,11/06/2018 00:00,2.70000,ppb,R
BT6,NO,12/06/2018 00:00,4.50000,ppb,R
BT6,NO,13/06/2018 00:00,11.10000,ppb,R
BT6,NO,14/06/2018 00:00,16.30000,ppb,R
BT6,NO,15/06/2018 00:00,16.30000,ppb,R
BT6,NO,16/06/2018 00:00,6.60000,ppb,R
BT6,NO,17/06/2018 00:00,4.40000,ppb,R
BT6,NO,18/06/2018 00:00,8.50000,ppb,R
BT6,NO,19/06/2018 00:00,12.10000,ppb,R
BT6,NO,20/06/2018 00:00,10.40000,ppb,R
BT6,NO,21/06/2018 00:00,15.20000,ppb,R
BT6,NO,22/06/2018 00:00,11.50000,ppb,R
BT6,NO,23/06/2018 00:00,9.90000,ppb,R
BT6,NO,24/06/2018 00:00,2.80000,ppb,R
BT6,NO,25/06/2018 00:00,13.00000,ppb,R
BT6,NO,26/06/2018 00:00,6.10000,ppb,R
BT6,NO,27/06/2018 00:00,1.60000,ppb,R
BT6,NO,28/06/2018 00:00,2.80000,ppb,R
BT6,NO,29/06/2018 00:00,3.20000,ppb,R
BT6,NO,30/06/2018 00:00,1.50000,ppb,R
BT6,NO,01/07/2018 00:00,1.00000,ppb,R
BT6,NO,02/07/2018 00:00,1.70000,ppb,R
BT6,NO,03/07/2018 00:00,1.90000,ppb,R
BT6,NO,04/07/2018 00:00,4.20000,ppb,R
BT6,NO,05/07/2018 00:00,13.60000,ppb,R
BT6,NO,06/07/2018 00:00,8.80000,ppb,R
BT6,NO,07/07/2018 00:00,6.30000,ppb,R
BT6,NO,08/07/2018 00:00,3.20000,ppb,R
BT6,NO,09/07/2018 00:00,9.80000,ppb,R
BT6,NO,10/07/2018 00:00,7.30000,ppb,R
BT6,NO,11/07/2018 00:00,7.10000,ppb,R
BT6,NO,12/07/2018 00:00,5.40000,ppb,R
BT6,NO,13/07/2018 00:00,4.90000,ppb,R
BT6,NO,14/07/2018 00:00,7.30000,ppb,R
BT6,NO,15/07/2018 00:00,6.50000,ppb,R
BT6,NO,16/07/2018 00:00,10.20000,ppb,R
BT6,NO,17/07/2018 00:00,11.10000,ppb,R
BT6,NO,18/07/2018 00:00,9.90000,ppb,R
BT6,NO,19/07/2018 00:00,12.10000,ppb,R
BT6,NO,20/07/2018 00:00,6.70000,ppb,R
BT6,NO,21/07/2018 00:00,5.80000,ppb,R
BT6,NO,22/07/2018 00:00,5.70000,ppb,R
BT6,NO,23/07/2018 00:00,10.70000,ppb,R
BT6,NO,24/07/2018 00:00,8.70000,ppb,R
BT6,NO,25/07/2018 00:00,5.00000,ppb,R
BT6,NO,26/07/2018 00:00,5.60000,ppb,R
BT6,NO,27/07/2018 00:00,8.70000,ppb,R
BT6,NO,28/07/2018 00:00,4.10000,ppb,R
BT6,NO,29/07/2018 00:00,3.50000,ppb,R
BT6,NO,30/07/2018 00:00,8.70000,ppb,R
BT6,NO,31/07/2018 00:00,9.20000,ppb,R
BT6,NO,01/08/2018 00:00,10.40000,ppb,R
BT6,NO,02/08/2018 00:00,13.10000,ppb,R
BT6,NO,03/08/2018 00:00,9.80000,ppb,R
BT6,NO,04/08/2018 00:00,6.00000,ppb,R
BT6,NO,05/08/2018 00:00,3.60000,ppb,R
BT6,NO,06/08/2018 00:00,7.60000,ppb,R
BT6,NO,07/08/2018 00:00,10.00000,ppb,R
BT6,NO,08/08/2018 00:00,7.90000,ppb,R
BT6,NO,09/08/2018 00:00,18.10000,ppb,R
BT6,NO,10/08/2018 00:00,15.90000,ppb,R
BT6,NO,11/08/2018 00:00,13.80000,ppb,R
BT6,NO,12/08/2018 00:00,4.50000,ppb,R
BT6,NO,13/08/2018 00:00,12.00000,ppb,R
BT6,NO,14/08/2018 00:00,14.10000,ppb,R
BT6,NO,15/08/2018 00:00,7.60000,ppb,R
BT6,NO,16/08/2018 00:00,13.20000,ppb,R
BT6,NO,17/08/2018 00:00,20.60000,ppb,R
BT6,NO,18/08/2018 00:00,7.00000,ppb,R
BT6,NO,19/08/2018 00:00,5.00000,ppb,R
BT6,NO,20/08/2018 00:00,11.40000,ppb,R
BT6,NO,21/08/2018 00:00,10.90000,ppb,R
BT6,NO,22/08/2018 00:00,11.80000,ppb,R
BT6,NO,23/08/2018 00:00,10.80000,ppb,R
BT6,NO,24/08/2018 00:00,14.50000,ppb,R
BT6,NO,25/08/2018 00:00,20.90000,ppb,R
BT6,NO,26/08/2018 00:00,16.80000,ppb,R
BT6,NO,27/08/2018 00:00,13.00000,ppb,R
BT6,NO,28/08/2018 00:00,14.70000,ppb,R
BT6,NO,29/08/2018 00:00,20.80000,ppb,R
BT6,NO,30/08/2018 00:00,8.40000,ppb,R
BT6,NO,31/08/2018 00:00,7.40000,ppb,R
BT6,NO,01/09/2018 00:00,8.70000,ppb,R
BT6,NO,02/09/2018 00:00,5.10000,ppb,R
BT6,NO,03/09/2018 00:00,13.80000,ppb,R
BT6,NO,04/09/2018 00:00,5.30000,ppb,R
BT6,NO,05/09/2018 00:00,9.90000,ppb,R
BT6,NO,06/09/2018 00:00,16.60000,ppb,R
BT6,NO,07/09/2018 00:00,16.50000,ppb,R
BT6,NO,08/09/2018 00:00,12.00000,ppb,R
BT6,NO,09/09/2018 00:00,5.10000,ppb,R
BT6,NO,10/09/2018 00:00,9.00000,ppb,R
BT6,NO,11/09/2018 00:00,7.40000,ppb,R
BT6,NO,12/09/2018 00:00,19.90000,ppb,R
BT6,NO,13/09/2018 00:00,51.20000,ppb,R
BT6,NO,14/09/2018 00:00,17.20000,ppb,R
BT6,NO,15/09/2018 00:00,14.90000,ppb,R
BT6,NO,16/09/2018 00:00,4.30000,ppb,R
BT6,NO,17/09/2018 00:00,6.50000,ppb,R
BT6,NO,18/09/2018 00:00,5.40000,ppb,R
BT6,NO,19/09/2018 00:00,6.80000,ppb,R
BT6,NO,20/09/2018 00:00,6.20000,ppb,R
BT6,NO,21/09/2018 00:00,9.90000,ppb,R
BT6,NO,22/09/2018 00:00,9.30000,ppb,R
BT6,NO,23/09/2018 00:00,11.10000,ppb,R
BT6,NO,24/09/2018 00:00,47.90000,ppb,R
BT6,NO,25/09/2018 00:00,91.40000,ppb,R
BT6,NO,26/09/2018 00:00,36.90000,ppb,R
BT6,NO,27/09/2018 00:00,31.00000,ppb,R
BT6,NO,28/09/2018 00:00,4.70000,ppb,R
BT6,NO,29/09/2018 00:00,32.50000,ppb,R
BT6,NO,30/09/2018 00:00,21.70000,ppb,R
BT6,NO,01/10/2018 00:00,23.50000,ppb,R
BT6,NO,02/10/2018 00:00,11.10000,ppb,R
BT6,NO,03/10/2018 00:00,37.80000,ppb,R
BT6,NO,04/10/2018 00:00,19.30000,ppb,R
BT6,NO,05/10/2018 00:00,17.90000,ppb,R
BT6,NO,06/10/2018 00:00,12.80000,ppb,R
BT6,NO,07/10/2018 00:00,15.30000,ppb,R
BT6,NO,08/10/2018 00:00,16.20000,ppb,R
BT6,NO,09/10/2018 00:00,27.50000,ppb,R
BT6,NO,10/10/2018 00:00,20.70000,ppb,R
BT6,NO,11/10/2018 00:00,6.00000,ppb,R
BT6,NO,12/10/2018 00:00,5.40000,ppb,R
BT6,NO,13/10/2018 00:00,4.30000,ppb,R
BT6,NO,14/10/2018 00:00,5.30000,ppb,R
BT6,NO,15/10/2018 00:00,6.40000,ppb,R
BT6,NO,16/10/2018 00:00,13.40000,ppb,R
BT6,NO,17/10/2018 00:00,23.00000,ppb,R
BT6,NO,18/10/2018 00:00,5.70000,ppb,R
BT6,NO,19/10/2018 00:00,66.10000,ppb,R
BT6,NO,20/10/2018 00:00,96.30000,ppb,R
BT6,NO,21/10/2018 00:00,33.30000,ppb,R
BT6,NO,22/10/2018 00:00,26.70000,ppb,R
BT6,NO,23/10/2018 00:00,21.80000,ppb,R
BT6,NO,24/10/2018 00:00,22.10000,ppb,R
BT6,NO,25/10/2018 00:00,28.60000,ppb,R
BT6,NO,26/10/2018 00:00,18.40000,ppb,R
BT6,NO,27/10/2018 00:00,15.10000,ppb,R
BT6,NO,28/10/2018 00:00,4.00000,ppb,R
BT6,NO,29/10/2018 00:00,11.30000,ppb,R
BT6,NO,30/10/2018 00:00,24.10000,ppb,R
BT6,NO,31/10/2018 00:00,44.00000,ppb,R
BT6,NO,01/11/2018 00:00,47.90000,ppb,R
BT6,NO,02/11/2018 00:00,80.90000,ppb,R
BT6,NO,03/11/2018 00:00,15.30000,ppb,R
BT6,NO,04/11/2018 00:00,6.30000,ppb,R
BT6,NO,05/11/2018 00:00,40.30000,ppb,R
BT6,NO,06/11/2018 00:00,25.50000,ppb,R
BT6,NO,07/11/2018 00:00,7.60000,ppb,R
BT6,NO,08/11/2018 00:00,11.50000,ppb,R
BT6,NO,09/11/2018 00:00,10.90000,ppb,R
BT6,NO,10/11/2018 00:00,10.10000,ppb,R
BT6,NO,11/11/2018 00:00,6.10000,ppb,R
BT6,NO,12/11/2018 00:00,14.30000,ppb,R
BT6,NO,13/11/2018 00:00,14.20000,ppb,R
BT6,NO,14/11/2018 00:00,21.30000,ppb,R
BT6,NO,15/11/2018 00:00,25.30000,ppb,R
BT6,NO,16/11/2018 00:00,11.70000,ppb,R
BT6,NO,17/11/2018 00:00,6.80000,ppb,R
BT6,NO,18/11/2018 00:00,5.40000,ppb,R
BT6,NO,19/11/2018 00:00,3.10000,ppb,R
BT6,NO,20/11/2018 00:00,4.90000,ppb,R
BT6,NO,21/11/2018 00:00,29.10000,ppb,R
BT6,NO,22/11/2018 00:00,55.30000,ppb,R
BT6,NO,23/11/2018 00:00,21.10000,ppb,R
BT6,NO,24/11/2018 00:00,7.10000,ppb,R
BT6,NO,25/11/2018 00:00,3.60000,ppb,R
BT6,NO,26/11/2018 00:00,25.30000,ppb,R
BT6,NO,27/11/2018 00:00,28.30000,ppb,R
BT6,NO,28/11/2018 00:00,8.10000,ppb,R
BT6,NO,29/11/2018 00:00,5.40000,ppb,R
BT6,NO,30/11/2018 00:00,12.00000,ppb,R
BT6,NO,01/12/2018 00:00,6.50000,ppb,R
BT6,NO,02/12/2018 00:00,3.40000,ppb,R
BT6,NO,03/12/2018 00:00,11.40000,ppb,R
BT6,NO,04/12/2018 00:00,67.00000,ppb,R
BT6,NO,05/12/2018 00:00,18.00000,ppb,R
BT6,NO,06/12/2018 00:00,7.70000,ppb,R
BT6,NO,07/12/2018 00:00,8.70000,ppb,R
BT6,NO,08/12/2018 00:00,5.30000,ppb,R
BT6,NO,09/12/2018 00:00,8.30000,ppb,R
BT6,NO,10/12/2018 00:00,31.10000,ppb,R
BT6,NO,11/12/2018 00:00,82.60000,ppb,R
BT6,NO,12/12/2018 00:00,15.40000,ppb,R
BT6,NO,13/12/2018 00:00,15.50000,ppb,R
BT6,NO,14/12/2018 00:00,42.10000,ppb,R
BT6,NO,15/12/2018 00:00,11.10000,ppb,R
BT6,NO,16/12/2018 00:00,13.80000,ppb,R
BT6,NO,17/12/2018 00:00,32.90000,ppb,R
BT6,NO,18/12/2018 00:00,5.30000,ppb,R
BT6,NO,19/12/2018 00:00,13.10000,ppb,R
BT6,NO,20/12/2018 00:00,9.90000,ppb,R
BT6,NO,21/12/2018 00:00,7.80000,ppb,R
BT6,NO,22/12/2018 00:00,13.70000,ppb,R
BT6,NO,23/12/2018 00:00,9.50000,ppb,R
BT6,NO,24/12/2018 00:00,37.20000,ppb,R
BT6,NO,25/12/2018 00:00,46.70000,ppb,R
BT6,NO,26/12/2018 00:00,19.10000,ppb,R
BT6,NO,27/12/2018 00:00,147.39999,ppb,R
BT6,NO,28/12/2018 00:00,82.80000,ppb,R
BT6,NO,29/12/2018 00:00,18.70000,ppb,R
BT6,NO,30/12/2018 00:00,14.70000,ppb,R
BT6,NO,31/12/2018 00:00,16.20000,ppb,R
